,antecedents,consequents,antecedent support,consequent support,support,confidence,lift,leverage,conviction
0,frozenset(['P00110742']),frozenset(['P00025442']),0.271131561,0.270279482,0.11809816,0.43557511,1.611572979,0.044816862,1.292856731
1,frozenset(['P00025442']),frozenset(['P00110742']),0.270279482,0.271131561,0.11809816,0.436948298,1.611572979,0.044816862,1.294496466
2,frozenset(['P00110742']),frozenset(['P00112142']),0.271131561,0.262269939,0.110429448,0.407291012,1.552945847,0.03931979,1.244675003
3,frozenset(['P00112142']),frozenset(['P00110742']),0.262269939,0.271131561,0.110429448,0.421052632,1.552945847,0.03931979,1.258954576
4,frozenset(['P00057642']),frozenset(['P00237542']),0.243694615,0.234151329,0.100545331,0.412587413,1.762054539,0.043483913,1.30376619
5,frozenset(['P00237542']),frozenset(['P00057642']),0.234151329,0.243694615,0.100545331,0.429403202,1.762054539,0.043483913,1.325463774
6,frozenset(['P00112142']),frozenset(['P00025442']),0.262269939,0.270279482,0.104294479,0.397660819,1.471294883,0.033408295,1.211477753
7,frozenset(['P00025442']),frozenset(['P00112142']),0.270279482,0.262269939,0.104294479,0.385876419,1.471294883,0.033408295,1.201272975
